{"mean":{"confidence_interval":{"confidence_level":0.95,"lower_bound":152372192.0,"upper_bound":163712543.15},"point_estimate":158148541.0,"standard_error":2897756.7816971755},"median":{"confidence_interval":{"confidence_level":0.95,"lower_bound":175431450.0,"upper_bound":177644950.0},"point_estimate":176642650.0,"standard_error":1102312.6580526847},"median_abs_dev":{"confidence_interval":{"confidence_level":0.95,"lower_bound":2937475.327849388,"upper_bound":8059042.806923389},"point_estimate":4512441.279888153,"standard_error":1828534.851366784},"slope":null,"std_dev":{"confidence_interval":{"confidence_level":0.95,"lower_bound":26239229.844671004,"upper_bound":30681943.162758395},"point_estimate":28972280.6059781,"standard_error":1143235.56989577}}