{"mean":{"confidence_interval":{"confidence_level":0.95,"lower_bound":634472168.12,"upper_bound":645263123.61875},"point_estimate":639851840.1,"standard_error":2758214.2839125507},"median":{"confidence_interval":{"confidence_level":0.95,"lower_bound":629581481.0,"upper_bound":645412204.0},"point_estimate":636682749.0,"standard_error":4525628.453438408},"median_abs_dev":{"confidence_interval":{"confidence_level":0.95,"lower_bound":21556555.35318465,"upper_bound":43678891.16794467},"point_estimate":35904090.20407498,"standard_error":5840816.19696808},"slope":null,"std_dev":{"confidence_interval":{"confidence_level":0.95,"lower_bound":24792683.987345602,"upper_bound":30165937.41609088},"point_estimate":27668728.63945733,"standard_error":1369547.3122960974}}