{"mean":{"confidence_interval":{"confidence_level":0.95,"lower_bound":121337903.0,"upper_bound":123623405.0},"point_estimate":122648374.0,"standard_error":590710.3007228575},"median":{"confidence_interval":{"confidence_level":0.95,"lower_bound":122761000.0,"upper_bound":123499900.0},"point_estimate":123131350.0,"standard_error":180033.5488388387},"median_abs_dev":{"confidence_interval":{"confidence_level":0.95,"lower_bound":1158800.139427185,"upper_bound":2282314.3994808197},"point_estimate":1771929.3585419655,"standard_error":295156.8898050763},"slope":null,"std_dev":{"confidence_interval":{"confidence_level":0.95,"lower_bound":1842699.7929547187,"upper_bound":9090757.83330509},"point_estimate":5927993.932108496,"standard_error":1956008.5747478397}}